{"cameraMode":{"drawMode":0,"name":"Shaded","section":"Shading Mode"},"sceneLighting":false,"audioPlay":false,"sceneViewState":{"m_AlwaysRefresh":false,"showFog":true,"showSkybox":false,"showFlares":true,"showImageEffects":true,"showParticleSystems":true,"showVisualEffectGraphs":true,"m_FxEnabled":true},"in2DMode":false,"pivot":{"x":-0.04000377655029297,"y":10.869999885559082,"z":145.05999755859376},"rotation":{"x":-0.12765103578567506,"y":-0.5375987887382507,"z":0.08331192284822464,"w":-0.8295271992683411},"size":7.517829895019531,"orthographic":false}